id,sentiment
43439,1
776165,5
128381,0
75851,3
28447,0
130455,3
78286,0
388753,5
53604,0
25106,2
769241,5
749461,5
87219,1
66748,2
54263,2
78030,1
37320,1
2516,1
216435,5
684857,5
9903,6
101263,3
416284,5
29121,0
227648,5
79437,5
1119,6
129337,0
227457,5
29267,1
57962,0
88966,4
549266,5
27044,3
54862,0
539322,5
321778,5
43623,2
6191,6
708037,5
134262,0
75834,2
18343,1
35246,0
227641,5
82228,1
62192,0
57831,1
433729,5
686898,5
349833,5
7792,0
89363,2
4513,6
83942,3
105187,0
23701,1
472,6
92525,2
14036,0
115780,3
121835,4
10083,6
47184,3
307950,5
27111,0
64955,0
68562,3
90270,1
120614,2
676967,5
212445,5
17749,0
129138,1
11234,6
5254,6
9484,0
52068,2
10521,6
85367,1
4827,0
63842,1
35592,2
793942,5
437062,5
54943,0
64243,2
113648,2
576379,5
63048,1
7453,6
127060,3
212681,5
191507,5
911,6
109349,1
134503,2
8283,6
120565,4
123249,1
115621,0
31568,2
100859,2
3280,6
5597,6
370717,5
76572,0
351108,5
563170,5
465287,5
133527,2
70951,2
319024,5
518647,5
116716,2
95499,5
86159,3
107568,0
10540,1
28074,4
65511,4
512605,5
109451,1
407131,5
108538,4
58288,0
752415,5
4636,6
68095,0
131958,0
57626,4
39623,2
54556,2
226475,5
330724,5
7601,6
4837,3
212530,5
718425,5
110130,2
89305,5
555070,5
737813,5
41661,2
130416,3
89165,0
71407,1
34914,1
10607,6
38370,4
53069,3
3658,6
63229,0
113799,5
80709,2
26860,0
39581,1
22613,2
28419,0
14821,0
25238,2
79077,0
762627,5
109360,3
1965,6
25758,0
63738,4
41268,2
22514,0
33522,2
50779,0
382966,5
8855,6
754258,5
28880,0
68048,2
56165,2
45336,1
445045,5
32868,2
304833,5
55573,2
97893,2
285594,5
54448,2
69261,1
74694,1
278566,5
6271,6
72052,0
604841,5
110847,0
473029,5
108477,0
52875,0
288455,5
518215,5
34594,1
51020,4
309386,5
52264,2
24208,2
181768,5
545382,5
92545,2
3041,6
620570,5
101995,0
50001,0
83418,3
455961,5
10981,0
120887,0
95974,3
36439,1
756378,5
93786,2
98867,0
33557,5
83690,4
596377,5
81143,2
592432,5
420395,5
41967,2
559422,5
8194,6
113032,4
70824,1
20884,2
523670,5
760940,5
74507,2
105410,3
579084,5
2993,6
107631,3
41029,2
650897,5
5324,6
65265,1
25229,0
22695,0
40696,0
45127,4
105820,2
8227,0
31346,3
108741,4
13662,0
9184,0
11911,6
112176,0
73416,4
753376,5
759375,5
660693,5
300855,5
53399,5
5327,2
46518,2
82496,4
34523,0
7613,6
107642,4
41300,2
15708,3
138653,5
46102,3
111201,4
83430,2
1602,6
677080,5
115833,4
55448,2
95055,1
25111,0
85032,3
64163,1
49948,3
306237,5
29221,0
44116,2
33253,5
20515,0
660671,5
265959,5
101902,1
12441,2
63143,2
2728,6
88857,0
780560,5
3266,5
50110,2
60797,4
616049,5
56014,4
90718,0
12842,0
131811,3
120556,0
377899,5
584496,5
100076,4
466517,5
105035,3
723978,5
44844,1
792215,5
2366,6
105284,2
59142,0
568852,5
126570,0
37774,0
32406,2
74139,2
190502,5
604024,5
22559,2
1412,6
642231,5
279228,5
62154,3
65369,3
5936,1
43660,3
99556,4
72225,0
10559,1
31499,0
45151,2
42007,4
754741,5
68823,2
90261,2
118282,4
122253,1
98995,4
568972,5
94359,4
49822,3
665441,5
780000,5
22991,0
30346,2
201534,5
710950,5
464651,5
64448,1
19268,2
122040,2
11253,6
55937,5
30175,5
76597,5
8143,6
103901,2
42102,2
61830,4
1156,1
6737,5
24615,3
514575,5
22283,2
70832,3
109532,4
296449,5
5533,2
56624,5
11078,3
65338,0
77599,4
63460,1
226007,5
17979,1
7955,6
132993,0
79474,5
80812,0
109256,5
491611,5
21140,3
83730,1
85613,4
102892,0
24128,1
109565,5
379698,5
41008,2
9096,2
373404,5
63209,4
777406,5
11768,6
9089,6
16427,4
2735,5
14710,4
79085,1
78522,0
131062,0
639330,5
593336,5
109422,4
83917,4
4530,6
39693,0
542153,5
101994,5
47338,2
720359,5
265932,5
793,6
103202,0
86367,4
5627,6
362949,5
18678,0
45050,3
202904,5
98949,1
68902,2
83316,0
557212,5
80041,3
10177,6
72899,3
293667,5
42952,1
54193,4
44212,4
11103,4
736431,5
8115,3
11000,3
703269,5
119919,2
249,6
53956,5
130716,1
5696,2
11178,2
18618,3
320926,5
221065,5
127473,2
133470,0
108434,0
3904,1
31899,5
53202,3
388355,5
23012,2
113775,0
10862,3
658107,5
1221,6
130921,2
443209,5
175044,5
71607,0
101532,2
372,4
88760,1
792607,5
4392,4
10159,6
94722,3
11837,6
132370,0
68432,2
128522,1
53029,1
7190,3
612824,5
555929,5
523804,5
566114,5
106247,0
130403,0
113554,1
591895,5
64515,4
37928,2
35266,1
22727,0
9048,6
3070,6
43919,0
65725,1
492199,5
66779,1
110747,5
2208,6
784745,5
102013,5
11476,5
105933,1
132515,0
79616,3
44827,0
7941,6
57197,2
192235,5
616192,5
65709,2
104127,0
787869,5
34617,1
127695,0
102334,1
20870,3
132593,2
116570,1
122681,4
77568,0
31353,3
73638,1
584738,5
8029,6
46770,2
81331,0
105259,2
121362,3
8969,6
323418,5
13511,4
128456,3
445247,5
97786,2
6741,0
48444,2
731976,5
294626,5
22505,3
5768,1
58400,0
73549,2
451908,5
7452,0
25526,0
269679,5
79713,0
134559,2
558375,5
96796,1
6583,6
2181,2
50366,1
93782,0
1437,6
428829,5
22995,0
19748,1
90816,2
121481,1
3505,6
20187,0
132200,0
84886,0
39483,2
297515,5
106803,4
795418,5
80444,2
66875,3
692448,5
559049,5
112457,5
59175,3
61387,0
255348,5
469326,5
18432,3
3775,0
15245,0
26596,4
6280,6
7478,6
112572,1
509556,5
82744,4
72695,4
100762,4
98562,3
127284,2
95628,0
8036,6
53359,2
129394,4
3566,6
705573,5
71704,2
605284,5
442845,5
42902,3
66888,1
456928,5
131168,0
65219,3
127834,0
331702,5
423417,5
541938,5
735624,5
88712,1
131459,4
34502,3
794096,5
80732,3
50665,2
23314,4
600698,5
96417,4
9992,6
130581,3
632573,5
70443,4
73464,1
696508,5
113547,2
21184,2
1373,6
80236,0
560333,5
458306,5
50953,3
54371,0
288701,5
541752,5
460578,5
66185,3
7424,1
133050,1
394141,5
68777,1
154609,5
6346,6
341929,5
99565,4
127254,2
127554,2
609789,5
104741,0
6252,6
49300,1
80797,2
51754,4
68362,2
11617,6
134239,2
110812,5
1651,6
105058,0
158496,5
27635,1
7819,4
258530,5
23951,1
45012,2
66575,3
370118,5
17136,4
77788,2
112963,0
126028,3
6999,6
592086,5
59869,1
6643,6
11983,4
4164,3
380045,5
569269,5
5999,3
4254,0
678416,5
45646,2
18462,2
25321,3
4718,6
476357,5
123257,2
126279,5
4286,6
69647,4
503047,5
32969,1
111770,4
550862,5
32162,0
65202,3
9942,1
62170,3
93785,2
666248,5
94860,0
107444,2
362067,5
198,2
9580,6
78878,2
665043,5
182420,5
134184,0
125706,4
353291,5
70466,3
7540,6
127755,0
474776,5
11068,6
45028,0
4411,6
181460,5
57955,4
8658,6
725700,5
124620,1
66876,1
703514,5
120982,5
43989,4
651332,5
86131,4
86661,2
17752,2
48991,2
37858,4
79242,4
20260,0
128345,0
526765,5
102775,5
88896,1
108428,0
109765,3
101980,2
91849,1
102975,0
34380,4
113843,0
64568,1
321402,5
575276,5
694786,5
441454,5
12154,2
133105,3
1693,6
38264,5
45484,1
72990,0
27740,2
502008,5
7330,6
47598,3
8591,3
39377,4
176311,5
89480,4
113155,4
114706,3
91398,3
786472,5
99935,2
119766,4
26566,0
764303,5
2973,6
3017,6
131941,0
69921,3
1132,6
48841,2
113201,4
468735,5
8606,2
726440,5
94928,2
376729,5
17463,4
55264,2
118346,0
30983,3
72732,0
27536,0
614393,5
778642,5
200615,5
26813,0
119527,2
371866,5
124199,4
658055,5
98489,3
101787,0
131688,2
3050,6
787566,5
22391,1
401,4
46001,2
408526,5
13539,2
1142,3
7634,6
21391,1
111474,4
127432,1
518369,5
44552,3
41193,0
109600,2
389131,5
310935,5
92029,0
31856,2
613161,5
49916,2
779530,5
99035,3
686608,5
756732,5
3750,6
32022,4
124537,1
132406,4
666739,5
331142,5
2130,3
189586,5
38065,2
133924,0
114731,3
93854,0
77502,1
96163,0
578508,5
37307,1
59660,1
4839,2
17046,5
123807,3
596067,5
146384,5
130262,0
780263,5
56585,1
300426,5
778287,5
113333,4
128000,0
675568,5
45775,2
11381,6
766379,5
601566,5
584801,5
43159,3
95988,0
147769,5
41214,0
449058,5
771949,5
170830,5
45352,2
125701,0
78349,1
725187,5
77958,2
466092,5
67880,4
482319,5
71976,0
158196,5
57479,2
2182,1
45290,0
17462,1
74759,2
114673,0
481784,5
666773,5
78838,0
10942,4
179394,5
510656,5
122871,2
124144,1
400308,5
310366,5
101678,4
159601,5
400390,5
102990,2
49614,3
84531,0
233782,5
29814,4
7300,4
753713,5
77880,2
19222,4
2678,6
5034,0
33243,5
25784,1
103955,0
75342,4
631461,5
113225,0
30525,1
2623,6
44675,1
50973,2
737917,5
634746,5
55272,0
13941,2
63807,2
5144,6
749636,5
60956,0
67860,2
8455,6
15609,2
13663,0
21628,2
78937,0
278896,5
202314,5
3433,6
99661,3
81199,3
66782,2
420175,5
117971,2
518054,5
95258,2
511841,5
131468,1
75014,3
5407,2
81343,0
7595,2
4683,2
93416,0
130327,2
33770,1
10249,2
89429,4
685889,5
97177,4
511998,5
100684,1
133109,5
433787,5
3068,6
1711,2
10400,5
120818,0
462260,5
132132,4
30413,1
114609,2
56343,2
107926,4
41264,2
88708,3
216001,5
3837,2
97758,0
49679,4
62753,0
401418,5
126003,2
71977,1
4840,6
58622,1
3156,0
597475,5
1316,6
262,3
10516,1
6956,6
79082,2
44460,0
9516,5
110552,0
103319,2
106322,0
685989,5
114358,0
51334,2
102559,0
394379,5
2444,2
42157,2
316606,5
45557,4
766856,5
567246,5
246194,5
520526,5
290188,5
114638,2
20895,1
132834,0
43802,0
405487,5
5862,6
110485,0
1436,6
101190,4
62147,0
480779,5
791266,5
133065,2
37234,1
15436,3
115124,0
498995,5
116809,3
69970,0
34618,2
4645,1
3530,1
594162,5
399139,5
117489,3
131078,0
692186,5
8964,2
19406,2
100027,1
4351,4
119810,2
63617,1
399498,5
129863,3
170679,5
40903,0
615886,5
75974,2
80572,4
40637,2
5305,2
7826,3
493272,5
1695,6
93723,3
130566,4
111605,5
13614,2
913,6
547705,5
532011,5
84230,4
457010,5
5155,6
3475,4
71747,0
119462,2
28014,0
36696,1
4599,6
28204,2
116951,0
27408,2
127500,3
16201,5
103237,1
315303,5
106933,0
10739,5
751035,5
266199,5
482415,5
15130,5
754762,5
104608,2
19582,3
80022,2
23768,0
2417,6
786636,5
104384,3
743307,5
8732,6
2915,6
105950,2
5266,2
89078,1
832,6
132207,1
113492,2
105912,3
62644,3
10700,5
26655,2
10924,1
474004,5
7785,6
106417,1
2484,4
263791,5
57457,1
124347,4
98713,0
687169,5
86197,0
33493,2
115221,0
449011,5
379434,5
54418,0
439191,5
114287,1
465072,5
733904,5
6916,6
61900,0
79506,2
109496,2
19669,0
522825,5
514514,5
8440,1
94248,2
438635,5
31975,0
15597,4
7299,1
1963,6
120843,2
26867,0
70412,1
795732,5
640680,5
661374,5
734304,5
793065,5
103605,0
37713,3
38186,2
66204,4
123694,5
123853,4
5393,6
73413,1
129242,0
418801,5
77857,5
62196,3
555010,5
7691,5
104322,2
202250,5
107677,0
110761,0
36272,1
11175,2
112440,4
74053,0
34089,2
572929,5
78536,2
107611,1
341670,5
101179,2
61196,1
795880,5
6900,1
121056,0
514942,5
324324,5
684229,5
649115,5
31509,3
113161,0
89156,2
184292,5
78306,0
181,6
57426,5
361900,5
29147,3
44304,1
116446,2
22647,4
24964,0
127634,2
684672,5
539489,5
485892,5
247474,5
4004,5
405760,5
79207,5
129635,4
79741,2
10026,0
25617,4
111502,2
508474,5
303858,5
54944,2
11953,4
87356,4
234322,5
300604,5
90648,3
7610,6
20366,0
114143,1
7293,4
9590,4
77827,0
94439,2
55000,2
7566,6
785223,5
61529,2
577685,5
132329,0
44623,5
80329,0
85763,2
16171,2
120297,0
4558,6
77050,0
753493,5
129926,0
23364,5
46778,3
11081,6
50995,1
4676,2
3451,3
25541,3
83483,0
108165,0
79596,4
59457,4
46571,0
436,6
49639,2
23958,3
427686,5
48775,1
34659,3
223959,5
353444,5
70055,4
109016,1
68611,5
387750,5
311243,5
42647,2
490360,5
793944,5
527877,5
80883,3
11337,2
4180,1
2122,2
119270,0
624039,5
28726,0
545510,5
65954,5
82254,3
111223,3
65728,1
47268,4
565289,5
11126,2
35971,1
94772,0
449020,5
46283,4
762928,5
107617,4
102846,0
279630,5
3049,3
36046,1
48975,0
300099,5
112861,1
569602,5
2306,3
421587,5
63699,1
692548,5
11298,6
6722,6
68164,2
117611,0
445565,5
183882,5
38905,4
361475,5
305247,5
701476,5
7738,6
114480,2
611731,5
100477,4
505712,5
486084,5
585578,5
106556,3
66531,0
521227,5
28301,2
332456,5
11890,6
3801,2
81788,0
635374,5
289063,5
24172,1
122641,0
406402,5
500084,5
2549,6
73304,4
89885,4
307039,5
100875,0
405845,5
34779,2
476732,5
121420,0
90095,4
753365,5
90713,4
6786,1
124454,5
82139,3
92247,3
92758,3
631897,5
74808,2
668,6
668581,5
69056,5
242306,5
125233,3
10846,6
54352,5
125060,0
22565,3
838,6
11445,6
50870,5
61878,1
7828,6
99500,1
31999,5
332039,5
334549,5
86800,3
683951,5
53032,1
133406,0
468321,5
708038,5
342162,5
12213,3
8095,6
13317,2
126998,2
20286,0
91884,2
18207,3
596769,5
184045,5
96180,3
120607,4
80423,0
36068,4
708954,5
91693,2
116676,0
421235,5
49509,0
255176,5
222250,5
1196,6
614367,5
649,6
55589,1
5216,3
49474,4
113535,5
122335,3
6035,6
71189,0
753949,5
710822,5
4764,6
106917,4
1225,6
715571,5
9462,6
271459,5
24129,4
20222,2
114204,1
23119,0
127726,0
626,6
99988,0
10111,1
110713,4
527128,5
31822,2
5158,6
96041,2
71331,2
160235,5
102097,0
405916,5
123336,3
2103,0
20606,2
14058,2
144056,5
132373,0
660006,5
685939,5
127637,3
41593,0
8290,6
79215,2
44172,0
130255,0
22637,0
43838,0
39218,0
289658,5
55167,1
158660,5
46848,2
751415,5
540631,5
61686,1
625472,5
129259,0
1237,6
624476,5
19547,2
111903,4
70750,1
46474,2
37751,2
55697,3
459806,5
57536,0
57470,2
55279,0
16499,1
8600,6
63749,2
109285,2
53425,2
5801,6
97705,3
78224,1
758563,5
652740,5
66504,3
23987,3
2901,0
115219,1
78732,5
400639,5
33255,4
701218,5
7654,4
48681,4
96995,2
9095,6
4912,6
63246,2
77756,2
744311,5
36687,0
35084,2
147750,5
25534,2
130227,3
29945,2
622220,5
68938,0
305843,5
31689,0
521576,5
415062,5
117339,0
119217,3
83296,1
10401,6
753342,5
11219,4
123795,5
6356,6
45019,1
595673,5
20073,1
384005,5
50334,2
76663,0
316775,5
48357,2
28312,2
744577,5
96604,3
2653,2
109010,3
82275,4
427300,5
53094,3
14599,1
39344,2
695537,5
78744,4
94211,2
622692,5
119061,2
650731,5
510827,5
83157,1
724460,5
331036,5
1685,6
13843,2
101926,5
556110,5
701384,5
65828,0
9394,6
106233,1
639799,5
61876,4
26190,4
74985,0
750445,5
371,0
793434,5
122263,5
483203,5
393,6
514028,5
39722,5
60467,3
567974,5
114639,0
35808,1
121598,1
97934,1
125901,2
12617,4
220331,5
33478,2
515156,5
133537,0
2239,6
128016,3
19382,1
91431,1
155822,5
131540,4
11248,6
81637,3
2851,6
121512,2
9132,6
36278,1
43552,2
65715,4
126878,3
10732,6
78785,3
38381,2
77514,3
124951,3
72925,0
76660,0
103534,4
64810,3
2569,6
98435,0
89367,0
18572,3
246578,5
66590,1
122352,0
20607,2
558594,5
438981,5
90049,1
32214,2
148730,5
176719,5
99945,0
70170,4
570195,5
360066,5
184108,5
572243,5
390995,5
94112,3
752979,5
22981,2
99380,4
133388,3
8008,4
131617,0
477241,5
405218,5
16998,3
566372,5
225205,5
1372,0
736491,5
297381,5
37213,3
119337,2
28950,0
781819,5
7451,6
633764,5
267428,5
6279,6
673429,5
266026,5
124003,0
30232,4
46937,4
27167,3
103830,3
67942,5
8398,5
37121,4
104800,1
542147,5
22811,0
438039,5
661607,5
277318,5
621944,5
120482,2
4484,6
8102,6
73659,1
2535,3
5776,1
4409,6
396608,5
67808,0
110181,0
530893,5
4171,5
567121,5
789052,5
90381,4
548480,5
727536,5
64839,3
104149,2
4916,4
504541,5
52648,3
47282,0
799512,5
117975,1
95785,4
95662,4
220652,5
58258,3
29967,0
7781,1
62839,4
6578,6
11667,4
1487,6
77373,4
389693,5
651496,5
102152,0
433911,5
60157,2
740604,5
8777,6
11001,3
559503,5
6170,6
27755,0
89064,4
384591,5
60695,3
754311,5
48785,3
17909,3
693,6
27128,2
17446,0
708061,5
184955,5
3499,0
67828,4
694260,5
546316,5
106064,2
7675,6
94441,2
103426,0
356873,5
3744,6
3960,6
20803,1
291594,5
11838,6
689042,5
75505,3
107662,4
235238,5
79880,1
19328,0
19882,5
94779,2
11542,6
328961,5
15501,2
100393,0
388904,5
34046,2
60377,4
478,6
91025,4
34716,4
757172,5
58389,3
204177,5
69445,1
118884,4
5395,6
310775,5
64369,2
21695,0
4537,0
62319,1
32156,2
33507,0
719699,5
64310,1
314558,5
51688,3
578107,5
94950,4
41797,5
57793,1
501325,5
66486,5
3399,0
23174,0
44945,2
539935,5
2459,6
83614,3
120217,0
418170,5
677843,5
66829,0
1889,3
34191,0
40612,3
107543,2
113224,5
6898,6
192352,5
122623,3
94983,0
105907,4
762365,5
107234,2
123633,1
23057,2
370758,5
70106,3
791327,5
6719,6
15308,2
800292,5
3771,6
95076,0
37391,2
75423,1
138568,5
79672,0
606449,5
98789,0
28412,0
5325,6
96591,0
9152,6
129353,2
129340,3
537322,5
797760,5
31518,2
780292,5
83317,3
70341,4
526841,5
109930,4
80008,1
87634,0
36564,1
435304,5
127710,4
96074,0
128669,0
127964,1
8227,6
448244,5
104825,4
47125,3
70599,2
195684,5
99939,2
4833,6
13705,5
109629,4
132647,3
50912,2
73139,3
7016,6
103780,4
5174,6
6710,0
75451,2
116094,4
133991,0
426283,5
490827,5
64544,2
594398,5
145485,5
222730,5
398414,5
297749,5
94776,2
103099,1
419109,5
233631,5
462859,5
126157,3
124552,0
37615,3
19778,1
45621,0
428910,5
33311,0
19638,0
100616,0
583109,5
508936,5
132230,0
306802,5
65313,1
7269,6
110790,0
150193,5
49935,3
367670,5
94483,2
560164,5
391220,5
11267,6
51014,2
9868,6
47196,0
98006,0
53442,0
92574,2
379866,5
61804,0
100102,4
213,6
237479,5
181955,5
127045,1
370908,5
282,6
3468,6
603886,5
30294,4
59616,3
479446,5
67674,4
8804,0
100140,0
1603,6
69837,0
82346,4
92902,3
55857,3
116925,1
71389,4
132124,1
1077,4
83066,2
4626,6
757722,5
187507,5
37989,2
56037,2
81218,4
33182,0
76948,4
347063,5
34835,3
132713,5
119362,2
569951,5
63335,2
31025,0
37123,2
65175,3
122127,0
69661,0
2010,6
307934,5
103170,3
97380,2
4785,6
70322,1
5073,4
423731,5
465686,5
133612,0
11647,4
172841,5
68127,3
1802,3
51638,2
94275,4
104430,0
63704,2
55075,1
746,0
37545,2
133781,2
134092,0
92982,0
25805,0
393980,5
204600,5
125666,3
351279,5
38931,3
42480,4
5605,6
779945,5
310350,5
125370,4
132767,1
27483,3
9865,6
331135,5
35093,4
10051,6
5113,2
76374,0
96971,5
558410,5
105428,4
20646,3
85593,4
27953,0
123568,0
68701,1
567730,5
2045,6
719080,5
190689,5
40694,2
17122,3
189974,5
121857,1
709989,5
6622,6
123458,1
91406,2
2363,6
263004,5
10748,6
523681,5
678408,5
697544,5
62616,1
124657,0
637995,5
48253,0
32312,1
45916,5
18683,0
4413,6
4240,2
768393,5
12906,4
695104,5
72608,0
100117,0
118735,3
694123,5
51467,2
107462,2
568211,5
111390,3
71133,1
10986,6
109980,5
88575,0
121621,0
125521,3
463930,5
290294,5
86319,0
5037,6
129244,0
126506,1
607199,5
2258,6
122,0
68272,3
99627,1
52181,0
120146,0
17800,2
76121,5
117407,0
4091,6
68966,5
744266,5
112508,0
763498,5
657311,5
103542,5
96608,0
104144,2
68426,4
273921,5
227109,5
89886,4
736572,5
68315,3
12707,0
115490,2
4631,5
103157,3
9367,3
128493,0
65693,0
4934,0
98012,5
19840,2
8205,2
91451,4
46239,2
467819,5
121248,2
134355,2
28344,5
35265,4
129740,2
114877,2
778758,5
121496,0
16769,3
121125,0
134271,2
2337,0
9333,6
3249,6
10165,4
42300,1
706506,5
656840,5
47228,2
71500,5
87234,5
125803,4
66229,2
330928,5
98640,2
13257,1
4074,6
2786,6
9732,6
17838,2
11889,3
30271,0
52989,4
90426,5
73352,0
8862,6
82627,1
45718,3
273782,5
40462,0
597537,5
13138,3
131783,3
692216,5
101448,0
20382,3
63595,0
12724,1
477022,5
20913,2
7600,6
93726,4
96843,3
88617,0
70976,1
75428,2
612732,5
96079,3
26918,0
129402,0
24894,0
11165,6
72142,4
391344,5
28559,5
14972,1
93071,1
125979,0
287705,5
91342,0
36427,4
120497,2
101893,0
378906,5
537718,5
73507,4
70376,1
29581,2
72973,4
112735,4
103318,2
122950,2
363696,5
46812,1
23478,2
85373,2
6298,3
72894,0
715340,5
527612,5
23302,1
122637,0
602778,5
75422,4
503117,5
310589,5
12931,2
326478,5
32615,2
29352,0
79700,2
65493,1
606756,5
72048,1
200475,5
565793,5
114607,0
35252,3
779523,5
81201,2
680381,5
123400,5
10885,6
1721,6
72249,0
279790,5
65703,5
11039,6
467917,5
125744,3
504652,5
40808,4
23477,2
118397,5
360726,5
101712,0
43188,3
114180,3
7079,3
19472,1
87371,1
327765,5
118936,2
112484,2
93386,2
6343,3
4505,6
66650,1
82656,2
768774,5
56078,0
73800,2
25950,3
105271,2
65541,2
319875,5
1473,0
46674,2
1213,6
943,4
29426,3
69614,4
111161,3
111942,2
102852,3
742655,5
94463,0
106962,0
70056,3
651276,5
90459,0
107705,2
154,2
130264,0
18482,1
8901,6
741500,5
274740,5
62406,4
28804,4
14354,1
118130,2
88435,3
44145,0
78969,3
61791,3
104948,0
685023,5
76208,4
719073,5
37180,3
43301,5
26077,0
124357,4
42557,0
128929,2
312890,5
20106,5
61667,4
644070,5
133028,4
724,2
122750,0
403350,5
326868,5
66569,0
1587,6
89874,3
110029,4
642857,5
133333,0
7582,6
81847,3
61671,0
4405,0
795574,5
34277,2
530708,5
94593,3
108491,0
118906,5
88141,5
80254,1
1269,3
179762,5
11392,6
92509,3
82508,3
131202,2
514002,5
92528,3
46211,4
592886,5
52496,4
48597,4
60327,5
9100,6
34945,4
111109,1
190781,5
32716,2
612235,5
119485,4
6301,6
104517,0
24846,0
119401,3
15467,3
6124,4
32726,1
4135,6
108029,0
113757,0
88687,0
53955,0
39523,3
117879,1
54737,3
52294,3
128548,1
418154,5
322250,5
691044,5
74874,2
3970,6
60848,2
6815,6
493414,5
166637,5
119643,2
72552,2
129185,1
121668,4
777700,5
7186,6
124719,0
118442,1
58281,2
745881,5
480197,5
33221,3
49506,0
63773,2
1833,6
115261,0
580459,5
194115,5
61590,0
40590,0
111262,0
109662,3
2025,6
74660,1
52523,1
106001,0
115225,3
43936,5
21644,1
4918,1
196018,5
122256,4
98667,1
84314,2
600864,5
36607,2
90703,2
350606,5
59382,1
36790,4
112246,3
9118,6
16453,4
127881,4
524116,5
68715,0
620040,5
465717,5
115100,2
1280,6
393740,5
24698,3
93630,0
1242,2
126778,3
321098,5
531303,5
1475,6
437694,5
34053,0
115409,5
132914,1
5592,2
117900,3
60146,4
652277,5
954,1
46122,3
1737,3
28975,2
25636,4
19435,4
5399,0
4244,1
129314,0
41374,3
513141,5
91033,3
495398,5
42927,4
120478,3
582357,5
266139,5
6565,1
72038,4
339983,5
1492,1
646502,5
75925,0
129382,0
246665,5
16666,1
360150,5
44510,1
132924,5
8620,2
18540,5
437664,5
36704,4
153975,5
66366,0
4663,0
128448,0
100259,4
97412,0
85740,0
17732,1
5050,6
71548,0
105947,1
752755,5
325,0
4350,6
104582,1
38923,2
130554,0
102799,0
3027,6
67377,4
40519,2
8511,6
117508,2
87447,4
1117,3
14031,3
673015,5
703548,5
707678,5
359459,5
63765,0
53205,0
10365,6
9090,6
129868,0
123971,0
637897,5
9242,6
661667,5
121964,3
128072,2
50029,1
127296,0
326312,5
51656,2
4421,6
47595,3
2769,6
130929,0
61034,1
79597,5
89514,2
88222,4
119949,4
5285,6
222609,5
13388,3
12021,1
6620,6
637487,5
167925,5
8407,6
1897,6
484190,5
675685,5
4467,1
3531,6
73133,5
514399,5
89913,1
57653,0
3515,5
107195,0
753511,5
34952,0
8389,6
35804,4
769908,5
115853,4
89864,2
766995,5
471686,5
88533,3
125067,5
57841,0
111448,4
677950,5
673026,5
93443,3
101854,1
5942,2
575305,5
10966,6
16294,0
514628,5
160091,5
546973,5
126391,1
28246,2
8204,2
691977,5
80605,0
17084,4
89236,3
60413,3
80588,3
3551,2
59018,0
102818,3
669166,5
102843,3
276281,5
2148,6
95673,1
1595,6
453517,5
122879,0
83922,3
8404,6
40131,0
35284,1
22755,5
63081,2
124933,3
58264,1
701520,5
240112,5
71536,3
7359,6
602383,5
5823,1
133299,0
426016,5
56387,4
9408,6
57086,5
132958,5
5993,4
12111,1
67333,1
2587,6
110338,1
128658,2
107871,4
458082,5
23785,2
40421,3
452424,5
222616,5
45436,1
31808,4
710650,5
22609,0
8883,2
73648,1
33462,1
44763,5
639418,5
287992,5
114407,3
161720,5
130064,3
55017,4
58863,2
118325,1
48736,2
1065,6
62265,2
102845,2
121334,0
138127,5
330462,5
50000,1
112406,0
519256,5
64994,2
39465,2
99787,1
45435,4
48439,1
92960,1
109951,0
72871,1
96663,3
192316,5
148577,5
342687,5
50388,2
73683,4
758575,5
114003,4
15398,2
133086,2
84673,2
119739,1
94191,3
19822,2
93243,1
22721,1
127061,5
89287,4
11497,1
70090,0
611523,5
96716,0
91128,0
328607,5
574102,5
116258,2
115899,4
122287,4
2356,6
467245,5
109210,2
472547,5
785553,5
39277,4
4235,6
42449,1
80707,5
87209,2
71153,2
62375,3
26025,2
35683,0
198681,5
67189,0
95298,1
8705,1
97156,2
104920,1
56203,0
59093,3
753865,5
32006,5
35468,3
709201,5
99509,5
143301,5
743129,5
25859,0
792869,5
87061,1
11347,6
237859,5
85044,3
766850,5
432429,5
83603,3
38447,2
8169,6
102145,3
123360,2
305450,5
279271,5
94914,3
67753,0
400775,5
51151,2
9051,6
74218,2
29123,2
603941,5
129409,3
39015,1
5756,2
542655,5
440748,5
114867,3
54843,0
2563,6
131321,0
219,6
38766,0
97022,2
26695,4
106753,3
62233,3
106736,1
719493,5
104054,2
65964,2
38283,5
573013,5
178034,5
46907,3
89963,3
436181,5
43734,5
23101,0
8532,6
405937,5
284578,5
134293,2
42469,1
9610,6
11033,1
74771,3
11900,6
154573,5
101189,1
49094,3
112846,2
76820,0
114067,3
169653,5
109645,2
737,6
1233,6
784427,5
107182,2
32137,3
67484,4
98417,1
628785,5
9755,1
72437,1
428785,5
62187,2
32956,5
121768,0
23743,4
120512,2
66129,2
87384,1
513898,5
35460,1
59568,4
9722,6
10087,2
26257,4
47120,2
105019,2
110822,2
2791,6
13201,4
66974,4
25789,0
102216,0
39477,4
44479,3
106262,0
16508,3
35908,3
69128,5
54095,3
54987,0
215029,5
94026,1
64230,2
36446,0
308172,5
44687,1
75395,1
111900,5
4107,2
145100,5
24710,0
77934,1
24120,2
87468,3
66211,5
112253,1
68064,4
666945,5
377863,5
70504,1
717419,5
60400,0
763209,5
47965,4
63328,3
409437,5
66926,3
46974,4
10761,6
99665,2
100351,2
465548,5
73320,3
183897,5
110559,2
585624,5
32537,2
604358,5
81745,2
67457,0
68464,2
86505,1
40290,4
19134,0
182400,5
240841,5
8785,1
557918,5
90090,4
611033,5
31123,0
2342,6
484743,5
126095,1
448608,5
255916,5
64626,4
120526,2
522176,5
36970,2
212146,5
5108,6
719139,5
586947,5
38098,4
77976,4
21173,0
61664,0
52491,0
19094,3
78425,2
134245,0
63659,0
22057,2
48073,0
90268,1
38821,2
134263,2
87885,2
119176,0
34351,0
9306,1
63054,3
321543,5
359296,5
120390,2
11083,6
47031,3
221332,5
130668,3
37288,2
88982,0
92336,3
54232,4
23791,1
129368,2
799403,5
448126,5
68230,0
542282,5
45972,3
109578,2
43800,1
559831,5
1585,6
425074,5
765,6
309462,5
3168,2
10709,6
329122,5
603960,5
96238,3
67570,0
132809,2
2717,0
109213,2
133102,0
36829,3
127646,0
11661,6
63867,0
26645,0
115017,4
53938,0
482620,5
683839,5
689216,5
32827,5
32182,0
585056,5
748445,5
133437,0
5985,6
63033,0
448334,5
7546,6
453586,5
55576,2
3712,2
2115,6
32383,2
711670,5
396730,5
492743,5
27952,5
124926,1
6230,6
225494,5
53063,2
75467,1
56193,2
531243,5
65229,2
175633,5
124444,5
131185,2
115123,4
33113,3
58549,1
37753,2
17494,1
297602,5
643317,5
83131,2
75079,2
94749,3
258341,5
20590,4
353617,5
467242,5
29867,4
31236,5
477522,5
1906,6
42770,1
57368,5
38292,2
102307,1
10019,4
48428,4
88246,1
547432,5
17649,0
676933,5
16620,1
9227,6
1724,6
14454,2
108187,0
201143,5
78571,1
12889,4
114931,2
103499,3
20216,0
102219,3
10360,4
289730,5
4265,6
89650,1
7520,2
35141,4
61758,5
89903,2
194751,5
14524,0
89081,0
5306,6
57595,2
76556,0
217,6
76223,1
740195,5
14215,0
26312,4
42608,2
54930,0
79291,5
58491,0
50633,0
69528,0
129694,4
82237,0
59184,2
610829,5
82718,1
559361,5
307096,5
134473,3
7824,6
99733,1
389532,5
133334,0
800265,5
113294,0
6122,6
92611,3
77909,3
180731,5
35581,2
97033,2
42614,4
113342,1
660546,5
84703,2
125820,4
1956,2
93,6
67816,2
6190,6
90022,0
224404,5
8058,6
10977,6
104550,3
39534,2
14311,4
69153,4
150199,5
718776,5
53344,2
85468,1
458500,5
655403,5
53920,4
46206,2
594980,5
538854,5
3790,6
448387,5
112589,1
423262,5
41921,4
22561,1
319720,5
1380,6
751480,5
85595,3
40434,0
113749,3
110230,4
118483,2
31316,0
87157,5
2143,6
39828,0
6341,6
89847,0
799225,5
248142,5
11565,0
614832,5
106784,0
76931,1
72377,2
16940,2
113113,0
588029,5
87569,2
255947,5
70456,0
63654,1
495932,5
44578,5
132508,4
49544,2
225853,5
1700,3
80970,2
38718,3
53095,3
61145,0
3171,6
13378,2
381636,5
41717,4
10903,6
236635,5
788,6
568770,5
62610,3
123964,0
27346,2
55685,5
109315,1
673003,5
105433,0
465705,5
65151,2
712219,5
122539,4
435029,5
72416,2
13352,0
9760,6
112953,2
59662,2
3328,6
88882,1
547428,5
4648,6
14800,4
133163,2
669692,5
123999,1
9437,2
241161,5
167527,5
76842,0
349689,5
124740,2
694729,5
12466,2
227352,5
97446,0
99235,2
56433,5
5994,6
11361,6
3454,6
94632,3
12713,2
245455,5
70559,0
51680,4
55588,2
19662,3
106467,0
105420,4
11212,6
88953,4
123900,1
678721,5
646831,5
56327,4
23495,0
6731,6
83029,2
7379,6
379401,5
215615,5
63983,4
87345,0
453395,5
37827,2
34220,1
380454,5
57935,2
11985,4
58060,1
42398,0
38876,3
178904,5
463372,5
298660,5
593217,5
60816,3
8353,6
707850,5
216975,5
108127,3
659940,5
117510,1
74563,1
124131,4
6246,0
512162,5
123476,0
60651,2
736465,5
86841,0
442112,5
39010,3
99263,2
130890,2
120929,1
57893,1
31765,1
3260,1
89023,1
492414,5
1563,3
6785,6
27602,1
55232,0
5332,6
643044,5
719967,5
53733,0
602484,5
584,3
327,6
86858,2
630261,5
41995,4
39947,2
75175,4
693666,5
68204,1
7932,6
33933,5
11752,2
446170,5
85503,2
21729,2
75697,1
235757,5
25750,3
95191,1
655119,5
389804,5
73795,2
123345,5
27039,0
6873,6
569223,5
16973,4
329908,5
754131,5
96932,3
431289,5
28281,2
11210,6
2968,6
86337,2
794917,5
13088,3
34177,3
18902,2
35943,4
64817,1
54384,3
112291,4
716875,5
50791,2
15056,0
85773,1
40763,0
107179,4
133578,0
608029,5
101005,1
511735,5
15637,4
9137,6
132531,0
51606,3
101825,0
4451,6
10969,2
603163,5
4728,6
98115,0
28225,0
34071,3
101069,0
78659,3
17054,1
43016,0
520568,5
27492,5
131868,0
119057,2
39288,3
594110,5
27231,1
7251,6
5425,0
641966,5
107216,1
726723,5
300909,5
95419,2
21491,0
7692,3
7866,4
76071,2
133530,2
8920,3
118126,1
22631,0
121786,2
313554,5
128531,0
84368,2
6311,6
74266,4
17563,0
686140,5
19274,4
88344,0
390415,5
6281,2
13353,0
66108,3
6670,2
27773,2
116397,4
161380,5
427328,5
529612,5
117393,0
502120,5
48134,1
43849,3
693992,5
466119,5
470318,5
32055,4
118996,1
19391,5
111707,0
240091,5
74518,4
11457,1
17195,1
96455,2
199,6
125108,0
117202,1
677557,5
99905,4
82301,4
419628,5
390573,5
616221,5
63633,2
601123,5
176653,5
28159,5
7187,6
10143,6
73602,4
131502,3
47543,2
8733,1
353161,5
382058,5
125883,4
78199,4
461909,5
16184,2
4143,6
257996,5
109169,0
81821,1
63759,3
87835,0
124976,3
107491,1
206060,5
109778,3
224840,5
127124,1
73783,3
60680,0
9268,4
12177,3
125055,0
91752,2
259283,5
117421,4
26530,3
569507,5
98792,1
579221,5
595642,5
76644,2
16778,3
54671,3
98024,4
131762,0
10713,0
365472,5
226833,5
119116,2
660005,5
5747,6
407489,5
57449,0
55801,0
21886,2
500672,5
45679,4
384678,5
62202,1
709495,5
56133,0
125053,0
729859,5
339542,5
101877,5
279939,5
31424,2
88449,0
6627,6
92407,4
22851,0
320950,5
11613,2
80755,2
225556,5
88947,2
51476,5
1354,6
448068,5
727418,5
115534,4
256864,5
651139,5
11182,6
108200,4
2790,0
21488,4
38332,3
73668,0
28866,2
31758,3
129639,0
290632,5
103659,2
118576,1
467362,5
127334,4
56635,2
11826,6
120030,0
248406,5
35009,3
11949,2
688916,5
94104,4
94966,1
63986,0
44403,4
11917,6
67715,5
11462,6
86464,4
17304,3
5517,6
268948,5
43292,3
175368,5
108024,3
40511,4
4061,0
45298,2
78328,1
533032,5
47791,1
9154,6
745788,5
6634,6
124249,3
519463,5
3892,6
123763,5
131624,3
8532,2
89423,2
97738,1
132169,0
95901,2
98183,3
129660,1
26297,3
856,4
91234,0
24705,4
47441,2
59529,3
6705,3
68382,3
10000,2
11809,0
85474,2
112132,0
560313,5
55892,1
103065,1
9621,0
112257,1
357463,5
641562,5
215625,5
227,2
59604,2
63777,0
101775,1
256814,5
85374,5
123886,2
8693,6
65868,3
11420,6
61158,1
128123,4
4717,3
45293,5
63692,4
620540,5
40565,2
711326,5
643946,5
531951,5
116947,3
29458,0
60739,3
90273,5
61245,3
130925,3
102198,3
130555,1
407033,5
131920,3
8697,6
58887,2
123415,3
738987,5
32731,4
558913,5
48129,5
11366,6
181621,5
93213,4
3342,6
761481,5
129347,0
87474,2
19933,2
496379,5
72302,2
555841,5
161983,5
86160,2
94011,0
9122,6
182301,5
47063,3
74819,2
56244,3
93862,0
118556,4
28460,1
59919,0
339046,5
242143,5
9482,3
7201,0
77964,4
8952,6
622648,5
105643,1
459542,5
123750,1
23738,2
54270,1
91870,0
702226,5
191663,5
612885,5
113052,2
206105,5
113507,4
56638,0
110162,4
703266,5
102176,3
585035,5
73119,4
96448,1
245155,5
296664,5
120934,4
39551,0
53401,0
225655,5
7553,4
29007,1
93538,0
92821,4
475119,5
47080,4
62962,2
62080,1
132426,0
57223,1
578788,5
87376,0
2345,6
107167,2
83473,4
29687,0
150072,5
689046,5
63686,1
20130,0
599778,5
55721,4
11021,1
10031,6
401470,5
122907,5
131964,4
612181,5
20867,3
89921,3
62491,1
37673,3
515216,5
11216,6
67058,4
121671,0
71215,1
660700,5
35320,2
798570,5
128073,0
73332,4
103552,4
78213,2
84212,4
39187,0
94511,3
98822,2
729863,5
685662,5
79428,4
75569,0
33086,5
13567,1
110546,3
126667,4
51200,0
63617,5
81220,1
54422,4
120143,3
49745,2
206905,5
6047,4
97130,3
119420,4
68541,2
72712,2
274274,5
136769,5
102337,0
73205,0
10410,5
576319,5
1666,6
11504,6
4573,1
5056,2
727296,5
611339,5
62184,3
106706,2
93256,3
36693,2
447908,5
94706,1
2413,3
55482,0
123234,5
52416,0
119370,4
86553,1
122724,4
11486,2
416093,5
17252,1
97090,2
456540,5
53283,1
132954,1
132392,5
57339,4
642441,5
21214,3
28314,1
49388,3
6608,2
428198,5
383699,5
99420,5
90025,5
191182,5
3275,2
10440,6
33358,0
265505,5
887,4
132322,3
9127,6
78278,2
2213,6
595083,5
28812,2
257431,5
7537,6
129371,1
306633,5
1830,6
792699,5
60248,1
61763,2
4267,5
488562,5
80384,5
24421,4
40602,3
111476,0
9135,6
11662,6
46010,2
77716,3
74594,4
764405,5
96337,1
44422,0
57666,0
7432,5
531711,5
8860,6
276672,5
78860,4
433918,5
31651,0
98110,2
332412,5
92560,0
11782,4
52994,3
633887,5
415043,5
38015,1
786119,5
90007,0
110513,3
390691,5
64613,4
68501,1
669465,5
5669,1
14598,3
98454,4
38212,4
83664,2
448459,5
80223,2
2273,1
44961,0
7019,3
6525,3
29883,0
315666,5
66461,1
799209,5
133239,0
133635,0
1592,6
160969,5
339928,5
64280,5
118720,2
154532,5
108823,3
337165,5
2617,3
81320,3
57756,2
38994,2
95096,1
71392,2
505762,5
31391,1
539393,5
96875,3
93808,2
72149,4
1078,4
661775,5
107467,0
59041,4
62436,3
47316,3
126116,2
558672,5
23115,4
775230,5
34125,2
149258,5
67405,1
406815,5
105765,4
115921,2
232,6
3494,4
116048,2
91151,1
3156,5
682318,5
8360,6
475089,5
559365,5
20848,0
53934,5
775,1
57738,2
84837,2
82277,2
36673,3
125933,2
7015,2
90326,2
31282,5
179882,5
59512,1
32471,2
126557,3
33058,4
68959,1
120920,2
66026,3
73281,4
14002,2
30952,1
6271,0
86614,1
49437,0
1116,6
2540,6
43079,0
102379,2
306142,5
51776,3
4860,6
67313,4
715,6
102429,3
57432,1
528863,5
790,6
44000,5
106603,0
48742,1
96232,2
651343,5
131013,0
141152,5
51290,5
410100,5
215372,5
93573,3
75463,4
99056,4
76589,2
98773,4
692668,5
128215,4
120387,2
511885,5
35568,0
404602,5
26531,1
122398,2
112526,0
72029,0
352,6
81592,2
105448,3
684539,5
31431,2
613839,5
132050,0
73772,4
95978,2
31382,2
18953,0
73582,1
107561,4
3413,0
86713,2
710778,5
751,1
700118,5
74801,2
68338,3
745848,5
132315,3
584582,5
19772,2
75143,1
91778,4
71882,0
116187,1
667832,5
331094,5
66658,2
117729,0
6203,6
55435,3
23769,4
59779,3
61237,0
115550,1
105317,2
408728,5
6008,6
44053,3
34081,2
6025,6
700554,5
98558,1
25223,3
82676,4
560663,5
85201,3
8061,1
122634,1
72326,2
730891,5
556820,5
119237,3
211,6
342,6
91275,2
12743,1
563126,5
41714,3
32749,3
96855,3
92981,2
74463,0
305046,5
48826,2
26229,4
10407,6
35612,3
103646,3
88304,4
770561,5
570126,5
132693,2
119114,3
18416,2
794718,5
248000,5
66302,0
447380,5
2974,6
65556,4
57680,0
76841,4
59942,3
403058,5
2270,1
28241,2
117191,0
475500,5
1346,6
112974,0
2871,4
27983,1
24013,3
58291,2
25744,2
65339,4
5002,6
48580,0
105240,5
5138,0
61007,0
132420,4
49564,3
49544,5
7956,6
59785,3
10522,0
6954,1
64564,4
65225,3
699772,5
55851,3
665344,5
683265,5
40045,2
95601,1
6838,0
11099,6
707765,5
43895,2
1205,2
727123,5
512028,5
32918,3
5373,4
611768,5
4318,6
60559,4
30621,3
105107,4
227043,5
43909,3
59741,4
14955,0
119937,1
310718,5
799555,5
15222,3
79232,0
477829,5
94252,2
40307,0
125401,3
87740,0
3908,6
51432,1
96015,1
87524,2
12144,0
11335,3
50126,0
107411,0
83062,4
12693,2
768270,5
494502,5
107785,4
113608,0
549916,5
13915,3
83345,2
81007,0
612498,5
60104,5
685893,5
419886,5
253173,5
79861,4
158322,5
49747,0
677850,5
43031,4
9649,4
130955,0
390962,5
11989,0
320048,5
37560,2
79391,5
24179,1
115135,1
119763,2
111616,4
180243,5
700157,5
4724,6
48354,1
5819,6
532527,5
87764,4
59694,2
122824,4
342725,5
9093,6
127698,3
692358,5
41049,0
737743,5
725138,5
31310,0
50337,3
131735,0
494188,5
127175,2
76639,4
78222,1
11031,6
10293,6
509923,5
23918,3
129813,1
351640,5
267751,5
697363,5
106940,2
113110,1
96483,3
9666,6
127918,2
167943,5
462954,5
87163,4
6389,6
49341,2
43557,1
8512,5
2580,6
79083,5
40492,2
47874,4
43917,0
514899,5
708123,5
128367,0
486224,5
29725,5
78687,0
64623,1
495987,5
417178,5
173406,5
418588,5
596553,5
718894,5
50056,3
4049,6
489039,5
540727,5
79613,2
6018,6
62066,5
120704,4
621722,5
6373,2
56332,2
628470,5
625800,5
4779,6
124538,0
64033,1
570929,5
108056,2
22314,3
504261,5
707638,5
82229,0
161902,5
119231,5
13258,2
52040,4
78843,1
49642,2
99584,0
22313,3
111633,3
361481,5
78705,0
350495,5
633823,5
23382,0
80945,1
524304,5
266991,5
30015,1
130026,1
83933,1
449,2
719278,5
622865,5
75740,0
9422,2
80313,5
6908,6
2250,0
116502,4
68025,0
79247,0
43829,5
26161,1
2771,6
95438,4
480,6
87909,2
8235,2
8717,6
465196,5
64465,2
12079,1
16016,0
795588,5
287795,5
170251,5
13907,0
87463,5
3630,0
465621,5
68098,0
99029,0
78083,3
43498,3
406117,5
6725,6
105338,0
92343,2
62895,2
346679,5
6829,2
11764,6
193102,5
72561,0
58244,1
49006,5
67545,4
7430,5
68366,1
93739,0
4447,6
13891,2
33835,2
70020,3
67571,1
15306,1
14693,1
1684,2
46267,1
3416,6
105935,2
97111,4
746114,5
410054,5
10153,4
104275,4
30206,5
123163,4
74277,4
71550,4
72933,3
5538,2
30341,2
90091,5
456327,5
146625,5
77800,1
114589,5
92959,0
106268,2
531481,5
23637,1
113115,3
699132,5
32669,5
124679,3
107301,1
380013,5
60214,4
88641,1
106741,1
93783,0
88157,4
79320,5
6193,6
726754,5
48446,2
6971,4
398272,5
147663,5
52324,0
22733,4
74626,4
108891,4
53449,0
55197,3
56911,5
119733,4
482663,5
82690,0
76793,2
54298,0
61235,0
99223,0
106841,1
68632,5
261029,5
668977,5
390656,5
360023,5
8234,0
3950,0
9594,6
62294,0
107200,2
504670,5
284295,5
653349,5
255239,5
81908,4
87438,5
228997,5
755089,5
109322,0
726381,5
44894,1
66150,3
134300,2
703746,5
88653,0
674762,5
55498,2
3534,2
134060,0
52770,1
556770,5
17598,4
123,3
131611,0
2247,1
661263,5
620864,5
111920,3
37112,2
68150,3
101531,2
9998,6
80181,2
75812,4
102929,2
34652,1
69362,3
17677,4
658690,5
629664,5
74083,1
131291,0
94886,0
65931,1
756256,5
703763,5
27508,5
3798,2
56380,2
2550,6
33299,1
760949,5
5384,4
36733,4
20238,2
23620,0
3425,3
225070,5
719294,5
109425,2
10081,0
100829,1
795584,5
9804,6
92359,0
9602,6
9061,1
35565,4
82574,4
117569,2
46339,0
52658,5
123289,2
19312,3
1621,4
54780,4
74749,0
588469,5
5580,0
51967,1
5271,6
32390,4
833,2
32498,2
299755,5
389001,5
95966,5
8613,2
30288,4
10041,6
765216,5
538256,5
24733,2
8088,6
4277,4
6803,0
8632,3
45984,4
754144,5
107421,4
26414,0
284748,5
109642,3
29840,1
86682,4
57320,2
90357,4
112343,4
8233,6
111271,4
23087,3
75807,2
6310,6
68167,4
64087,4
768119,5
179207,5
81812,4
79055,1
10963,6
551678,5
136727,5
234398,5
93898,2
102954,3
11796,1
566191,5
111860,0
49760,1
11123,6
206893,5
40149,1
88463,0
75854,3
5873,0
95407,4
520310,5
201477,5
74390,0
7865,0
30164,4
98936,2
55312,4
56851,1
71505,2
75088,2
400092,5
92952,2
112532,2
33270,3
129288,2
3143,6
38005,0
667166,5
137099,5
90649,1
587442,5
90596,0
115877,2
7051,6
65262,0
55590,1
24369,2
46516,0
41327,0
111201,5
8871,4
97430,0
83679,4
1722,6
568712,5
246504,5
72938,1
530960,5
216919,5
26432,0
98460,1
109732,0
79203,0
98108,1
80130,1
42118,0
76096,3
31511,4
86044,3
698814,5
793713,5
51946,0
8359,6
124804,0
614,6
158958,5
33482,2
653204,5
66976,1
25864,4
101446,2
66257,3
67110,2
43852,5
115604,2
57286,3
299789,5
47329,4
57705,4
123397,5
25824,2
686472,5
63175,2
523485,5
72433,1
3712,6
43959,3
119127,0
66018,2
159709,5
548209,5
60446,0
14665,3
317376,5
2489,6
512387,5
22079,0
14498,4
108329,4
30981,1
3412,6
570406,5
132422,3
495762,5
55258,1
26307,0
613345,5
20200,4
86703,4
10438,6
54169,5
9694,6
9625,6
46727,1
102358,0
51315,5
120225,1
387756,5
381912,5
86173,2
75305,4
8132,6
125581,3
78660,0
51584,0
104541,0
57753,2
130956,0
50607,2
69649,4
234609,5
41951,0
89460,4
70433,1
15938,2
528679,5
103326,1
5664,6
629762,5
11490,6
71755,5
104001,4
10868,6
100773,4
7268,6
24784,2
11019,5
125439,3
74961,3
46502,4
33796,1
36114,2
130880,1
66967,2
128948,3
71268,1
454877,5
1856,6
5342,3
733010,5
5759,3
55718,3
26143,0
2972,6
75980,1
92801,3
2925,6
44355,3
7833,6
37916,1
124006,0
72134,0
115961,1
12535,2
40730,0
460984,5
37086,3
31890,4
71894,0
102094,4
729697,5
80806,4
111226,1
93332,3
255347,5
658308,5
17119,2
52986,4
736758,5
79234,0
31943,0
60415,2
548916,5
123751,4
136536,5
350110,5
77908,1
475114,5
476306,5
97969,2
722093,5
134548,0
108028,0
48241,0
53216,5
8076,6
520646,5
28179,2
83794,3
154154,5
35862,1
627308,5
40431,1
69442,1
94016,2
70524,4
99521,2
788558,5
52138,0
84031,3
2904,2
6158,6
90374,4
650546,5
49981,0
113104,2
38676,5
117094,0
63298,3
316352,5
127626,3
38479,4
429138,5
578456,5
54521,0
551885,5
351829,5
71511,2
2304,6
523171,5
45056,4
26283,0
32032,5
10212,3
522509,5
66831,5
63368,3
634087,5
11825,6
114774,4
295009,5
480960,5
91648,0
123145,3
33291,2
1664,2
82694,4
60378,0
38755,4
7289,1
486260,5
104178,0
14173,2
27255,1
115597,0
99634,0
75580,5
21105,5
63189,0
11016,6
42658,4
44519,3
521934,5
79128,2
56429,0
736422,5
75133,4
50319,4
745875,5
352150,5
12493,0
7606,2
33390,1
449070,5
473980,5
745375,5
118507,2
41970,1
14116,3
513334,5
36904,2
2947,6
466858,5
734789,5
74750,1
430613,5
76143,1
80390,0
72403,4
73823,1
107665,0
97484,3
484593,5
124974,0
45972,5
41628,2
770186,5
9586,6
545107,5
632017,5
5397,6
352736,5
67538,4
787336,5
634378,5
325726,5
48707,2
362452,5
57969,4
77553,3
92165,4
200637,5
311186,5
98699,0
128469,3
294431,5
65549,4
53854,2
61837,0
102746,1
65695,1
457431,5
122266,4
51618,0
5065,6
34375,0
92251,1
55301,0
8375,2
968,6
70850,0
787298,5
143806,5
42704,0
61679,4
123196,2
108844,4
134434,0
507421,5
105130,0
3445,3
11928,1
34345,2
664401,5
4676,6
117008,3
5018,6
185410,5
37705,3
115912,2
15359,0
369260,5
73368,2
74288,2
39832,2
50248,5
111793,4
786130,5
73932,0
58676,1
66279,4
49087,2
70012,0
127822,3
25919,3
114511,1
216771,5
11038,6
85536,3
123462,1
122808,3
89261,5
583035,5
686934,5
49147,5
95700,0
19612,3
82294,3
288720,5
5551,6
675,3
9196,0
508880,5
112118,1
89132,4
6016,6
4004,6
74190,0
216264,5
351820,5
17010,0
92837,1
564272,5
7934,2
13504,0
96514,1
245929,5
54608,0
8366,6
12557,0
530913,5
785067,5
4716,6
261206,5
37512,0
120106,3
892,0
7255,6
63727,2
424829,5
105508,0
239,2
190755,5
126801,0
132525,0
95382,2
273067,5
547713,5
397563,5
390081,5
464856,5
103693,4
437445,5
104660,2
83228,2
227665,5
91606,2
279,6
35425,4
45998,0
15788,1
189772,5
133672,4
114222,0
7098,6
42663,3
91155,4
132778,3
42205,1
127243,1
9344,6
59294,4
113719,4
569878,5
237736,5
182363,5
128050,0
4828,6
131273,0
700679,5
298527,5
54366,5
129994,0
104546,2
130084,2
45370,0
105465,1
105718,0
67041,2
85742,1
112575,3
111733,2
4602,6
194463,5
74800,5
771872,5
77835,0
108888,0
95345,0
85313,2
504768,5
100858,5
330895,5
26291,3
558871,5
406760,5
11719,6
3600,0
11492,6
11079,6
5666,3
129152,2
246952,5
110843,0
2472,1
63551,0
46037,1
51197,0
1491,6
743680,5
138210,5
115091,2
11528,3
128389,1
53724,0
46993,4
77227,4
4071,1
126722,0
1536,2
512885,5
5382,3
433073,5
94509,0
6007,6
123472,3
457788,5
477525,5
43511,2
25997,0
5087,6
86655,2
35761,2
112064,0
45198,4
48687,3
97302,0
43158,4
24178,3
74354,0
131461,3
3561,5
21177,0
76091,2
11648,6
124087,4
58627,2
103141,5
747440,5
248472,5
11726,6
121082,1
315016,5
42100,0
299977,5
329945,5
55149,5
89689,3
28376,1
493896,5
255310,5
188031,5
44652,3
120239,5
406421,5
112998,0
114037,2
89922,0
642077,5
661188,5
40459,2
4002,6
670174,5
93870,2
92491,1
104089,0
89170,2
216969,5
723308,5
604236,5
111632,0
57375,5
429201,5
122809,0
99904,5
684754,5
523775,5
10463,6
247545,5
738047,5
642311,5
7270,0
787609,5
726509,5
74293,1
6188,6
133272,0
9141,6
23570,0
82155,0
134080,0
32257,1
523251,5
133383,1
44153,5
69919,4
84731,5
184101,5
53213,5
53797,3
7570,6
607134,5
13084,2
10612,6
76323,2
67304,5
123549,0
105047,0
366578,5
692310,5
108567,0
799883,5
288209,5
30405,2
50615,0
63635,1
523268,5
42940,2
61863,1
584627,5
92711,3
21593,5
490826,5
422385,5
3168,6
358989,5
56291,1
557116,5
612909,5
692020,5
113871,5
33966,5
127921,0
5093,3
13124,1
170956,5
81011,2
26216,2
51115,4
795684,5
623001,5
105988,0
724475,5
131452,0
225760,5
639612,5
102361,2
606813,5
114562,5
8642,6
44898,3
115008,5
670076,5
6111,2
708694,5
565,6
87827,2
132367,0
63516,0
509084,5
53263,4
15299,0
60897,0
101910,0
192832,5
616269,5
112773,4
774920,5
89814,0
91099,4
46684,1
107030,1
277,6
129032,3
6288,6
99159,4
104908,0
72501,0
21289,1
786028,5
132642,3
16855,2
4469,6
148841,5
68677,3
82940,2
48661,1
7466,6
750251,5
119020,3
5264,6
103941,0
4790,1
24804,0
3268,2
96370,3
61700,0
35974,1
4734,6
56682,3
703117,5
72832,0
33197,4
122282,1
54966,0
483485,5
30117,0
101290,0
104354,0
50793,2
2002,2
531400,5
122538,4
116805,2
30987,0
48098,0
20892,0
389370,5
105322,1
8062,6
63427,2
78059,0
40598,2
114596,5
9114,6
1677,6
90917,0
72622,0
75055,2
737923,5
671911,5
1448,3
341569,5
11577,6
68358,3
10584,2
10994,6
521821,5
725959,5
131492,0
66181,4
133084,0
3691,6
778237,5
63523,2
98819,5
244335,5
129361,2
75104,4
46499,0
9664,6
91494,1
67922,2
280050,5
2611,6
500135,5
677477,5
19042,0
376105,5
592227,5
16145,0
799428,5
21817,5
11660,6
311391,5
68984,2
67719,2
16381,0
76325,3
530525,5
108317,0
71908,0
89012,3
7423,6
519316,5
121934,2
46027,5
104315,1
239631,5
115452,4
76044,0
99678,1
128268,0
254507,5
300904,5
90826,1
14662,0
113820,2
10722,6
78938,3
34123,0
46731,2
458049,5
220659,5
543,3
493980,5
17142,2
107701,2
25287,2
41925,1
64050,1
50256,1
6588,0
2330,6
619209,5
94812,3
21596,4
188546,5
90047,5
103022,1
6931,6
306797,5
31968,2
13226,0
71623,3
14823,2
4327,6
45603,5
58010,2
109606,4
116835,1
31402,3
68486,1
98400,2
729805,5
91564,1
29161,2
717354,5
95031,0
154909,5
594970,5
108196,2
18488,0
50439,4
37493,5
699933,5
80284,3
716823,5
36749,4
800102,5
745674,5
7023,4
14968,2
38836,1
54956,1
29565,2
69054,1
98868,1
348895,5
24694,0
132531,5
98233,2
43553,0
3284,6
82242,0
759953,5
93478,2
71102,4
98089,2
54598,3
123214,0
120660,1
121483,1
111304,0
128347,3
82561,3
753649,5
33034,3
107789,3
45359,4
8781,6
760990,5
771961,5
120311,0
114362,0
501285,5
105454,3
40425,0
65147,4
128705,4
493383,5
48632,0
788099,5
380289,5
99304,0
401439,5
110878,0
60832,0
5848,6
3619,2
122062,2
42947,4
685565,5
6476,6
509419,5
406095,5
8871,6
48628,4
13337,4
342924,5
123166,5
76993,2
584117,5
7295,6
128452,3
32416,0
581,6
10755,6
490159,5
76002,0
45600,4
72164,0
31387,4
5069,6
359552,5
23797,4
709333,5
24517,0
592101,5
128257,1
67132,3
283970,5
57395,0
10366,6
36076,3
783354,5
60917,3
11233,5
2560,3
117851,4
530801,5
119889,4
86065,0
122081,4
643964,5
104722,0
37191,2
73432,1
401115,5
122900,0
640722,5
31026,0
56162,3
130918,4
279841,5
173796,5
28856,3
90537,1
8313,5
70587,1
23641,2
84748,1
122713,4
341937,5
578175,5
33746,3
412365,5
352948,5
605750,5
9352,0
125938,5
56566,2
8237,6
585531,5
3113,6
76500,0
296425,5
113857,2
112590,0
107632,1
110950,4
107007,0
25800,2
46747,1
31274,2
456541,5
582986,5
125538,0
8584,6
37490,4
57175,1
434951,5
495709,5
13277,2
771155,5
516954,5
279795,5
128036,0
96699,2
23667,3
171470,5
60643,3
124545,1
128443,0
16308,2
56331,3
778426,5
67195,4
122369,5
134141,0
80035,1
104828,0
858,0
115387,4
76024,3
740714,5
331853,5
8935,2
58496,4
3560,2
547632,5
678321,5
18452,2
794889,5
495285,5
311215,5
62562,3
15184,3
89618,2
1441,6
501,6
6030,6
436562,5
180713,5
55360,2
6838,6
131961,1
542385,5
119497,0
2862,0
9069,6
36929,3
27821,0
14676,2
375300,5
121506,2
59083,1
126855,1
52249,2
357222,5
10456,6
372208,5
1497,6
89924,5
10744,6
4456,6
444700,5
362239,5
597815,5
182921,5
103981,0
620359,5
665487,5
603613,5
734863,5
625701,5
3727,2
788832,5
75921,2
62780,3
321259,5
57860,1
23099,3
7624,6
204472,5
129951,2
134052,4
119649,2
60566,3
742433,5
25707,3
128144,4
69359,0
453954,5
90386,4
28411,4
41634,2
370828,5
86499,3
429532,5
128552,4
46799,5
6844,6
91922,1
639373,5
111438,5
26514,2
31846,1
113485,2
71140,3
289254,5
23392,2
452476,5
69721,2
8273,5
109143,3
75698,4
76236,4
798425,5
82815,2
42702,2
391944,5
99827,2
31463,4
47033,2
35785,3
122746,4
645941,5
130819,3
107271,1
26070,3
45160,2
41248,5
8383,6
23606,0
15698,3
58604,1
80532,2
481322,5
760056,5
91551,0
8064,2
72261,4
3704,1
133957,3
6897,3
109893,2
397255,5
42455,4
520527,5
657196,5
110282,0
42876,1
224007,5
12419,1
339526,5
74798,4
6014,6
549249,5
5144,3
712744,5
285028,5
666060,5
49203,2
8825,2
20132,2
90150,3
9321,6
32371,1
701069,5
32625,2
9616,5
9481,6
129792,0
165231,5
5374,6
716256,5
3548,6
88983,4
3696,6
132753,0
106756,2
476040,5
11094,6
87974,0
133617,2
130296,2
2284,3
381610,5
104305,0
286752,5
118887,3
126256,0
299375,5
34184,1
632840,5
61336,3
18162,5
133177,5
112201,5
33228,2
675511,5
556033,5
43700,0
399111,5
7665,1
85243,4
620868,5
71325,2
6213,2
44138,4
227744,5
102584,2
49914,4
737116,5
86542,2
67988,4
102177,2
136129,5
1935,6
53418,3
90762,1
98162,2
124631,4
71546,1
26623,3
117405,1
94108,2
131489,0
90288,1
91968,1
24332,4
52347,4
266,6
29016,4
464367,5
24725,4
55703,5
244157,5
60996,0
7345,3
89866,2
269781,5
28974,0
6565,6
62986,4
39920,0
51191,2
21557,5
129363,0
86038,0
4491,6
116052,3
95413,3
4030,6
104752,2
106445,4
492114,5
43336,2
126245,1
652133,5
87610,3
89146,3
29705,1
87920,2
132494,2
108094,2
227859,5
16339,2
16743,3
753639,5
693039,5
595245,5
25144,4
698415,5
195435,5
8605,6
690941,5
906,6
16158,0
704150,5
59890,2
776452,5
213554,5
129986,2
31847,4
336733,5
16585,2
107783,2
69097,4
2331,0
72820,3
71826,3
35660,3
409956,5
275481,5
9432,6
19440,2
23788,2
73944,3
8352,6
89593,4
581663,5
438402,5
99810,1
64425,2
131237,0
107790,0
632224,5
34218,2
105838,4
1836,6
108945,0
84291,2
20,6
64872,5
122996,4
358793,5
71132,4
474203,5
341032,5
5059,6
32823,1
71316,1
457910,5
42389,4
200890,5
127766,0
56871,5
100081,0
769383,5
109454,2
96823,4
130190,3
104175,2
90993,3
91322,3
60796,0
1924,6
7627,6
78034,2
616187,5
772014,5
73527,2
91310,4
101919,3
97038,3
90719,2
40909,0
8612,1
55304,2
584334,5
126872,0
93880,3
46168,3
4756,6
89018,0
3105,6
49772,0
38901,0
32471,5
343,6
38346,2
577248,5
125491,3
5725,0
257634,5
96684,1
685357,5
75212,0
710632,5
61119,2
746439,5
428452,5
532694,5
361687,5
13652,4
18089,0
130422,0
104456,5
6848,0
114055,2
117986,4
144760,5
105362,1
720391,5
72969,1
779057,5
760605,5
94805,0
10831,2
17157,0
378446,5
2506,0
477126,5
725612,5
179022,5
114632,5
7483,6
5933,1
650923,5
530861,5
9875,6
85510,4
124268,2
122789,4
5813,4
3876,6
120399,3
42340,4
96308,2
118633,4
34384,1
20973,0
93166,4
652827,5
103860,3
3533,6
26259,2
62176,0
104622,1
57724,5
107610,1
4789,3
5233,6
91291,0
66953,3
126126,5
5634,6
86474,1
727645,5
15246,2
120080,4
115386,2
454639,5
447827,5
118625,1
298262,5
97333,5
102066,1
639979,5
59123,2
146106,5
771310,5
104164,1
46758,2
126135,2
720077,5
224418,5
19627,4
112185,2
26959,1
709,6
38062,3
14610,1
76894,2
678375,5
100095,0
85973,2
128051,0
112975,3
64428,0
614194,5
577,4
32235,3
682413,5
145456,5
659365,5
616309,5
64682,4
58899,2
124647,5
597481,5
567306,5
629824,5
60914,2
19038,1
107245,2
84780,2
65022,3
62225,2
738292,5
90849,1
408549,5
1500,6
2520,6
2850,6
68640,4
476014,5
74405,3
550145,5
54281,3
116932,0
88102,4
2643,0
130195,0
575888,5
133658,2
57477,5
1580,6
69906,1
604183,5
613842,5
10479,6
14119,3
104579,2
111321,3
68956,1
85748,2
29583,1
7402,6
118527,3
521679,5
72392,2
36434,3
595605,5
5778,6
98265,4
684238,5
70804,3
25876,4
3305,6
54527,4
87233,0
6152,0
5867,6
236096,5
10252,6
128863,2
455171,5
75199,4
798440,5
115532,0
4353,2
340248,5
503469,5
77761,4
56205,1
740675,5
22771,4
640289,5
637778,5
785696,5
3337,6
85585,2
873,6
70231,3
35977,1
1707,6
7493,6
99705,0
103879,5
10140,6
517095,5
60330,3
16149,4
463334,5
2227,6
3142,6
247823,5
155334,5
743376,5
11618,0
60498,0
43457,3
4893,5
54545,0
11955,4
429573,5
717818,5
74785,1
2226,6
409713,5
378376,5
516622,5
572688,5
661155,5
621292,5
2639,3
29817,3
76,0
7671,6
597290,5
296371,5
91395,4
7912,1
321227,5
20227,2
1109,6
408827,5
425990,5
58054,2
769097,5
17708,2
18520,1
604776,5
503026,5
11984,0
20768,5
9304,4
312118,5
759931,5
109907,4
38531,4
472997,5
196163,5
131115,0
128847,0
255414,5
84003,3
54344,0
649933,5
27499,2
190443,5
67974,1
734636,5
10045,2
682065,5
69503,3
606476,5
88196,2
99262,2
699181,5
702661,5
97911,4
97950,1
113482,3
49996,4
127220,2
47345,3
4607,6
737149,5
732324,5
80148,4
85152,1
110266,2
118547,2
46243,3
91407,5
409391,5
66200,2
67498,0
111631,1
101940,1
45927,4
81150,1
192902,5
134248,0
9482,6
79125,4
1321,4
113442,0
85094,2
71825,1
117151,4
102809,2
27272,3
133975,2
8179,2
125593,2
8405,2
269397,5
221753,5
2598,6
116393,3
65573,3
4664,3
34029,2
47509,0
561241,5
59091,4
11075,6
8738,6
14184,2
132063,4
84974,0
122596,0
99412,1
48409,2
122066,1
449101,5
117325,4
29907,4
22151,5
4049,5
304867,5
116826,1
8691,6
76712,1
10536,6
540092,5
55932,4
6770,6
114757,2
33082,1
42078,2
123028,0
100656,4
130319,1
79123,1
110323,5
133128,0
11239,6
126029,0
456232,5
96119,1
244268,5
733353,5
88448,1
133350,2
37124,0
115463,1
99724,5
11929,6
92161,5
127553,4
42993,0
275100,5
62275,2
40831,3
118223,4
101780,3
64182,3
106646,1
515174,5
35323,1
101685,3
96745,3
93338,1
125677,2
787045,5
47100,2
123547,4
284666,5
105705,2
20175,2
340819,5
33613,0
108389,4
19085,3
89558,5
36274,0
146053,5
60959,4
91063,1
103457,3
109818,0
108153,1
47616,0
92850,1
88730,4
11327,1
167174,5
9204,1
40762,5
32198,5
95566,2
59863,0
94741,1
132507,5
25675,3
122676,1
79599,2
341121,5
67833,3
9431,2
56944,3
23894,2
3217,1
119827,5
190,2
242215,5
20217,0
117940,0
126934,2
78158,5
14144,1
22672,1
122175,3
110423,0
159288,5
16870,2
101864,1
3381,2
338231,5
80426,5
14457,5
339148,5
63778,4
542431,5
33353,4
353348,5
48760,4
20363,1
109293,2
91432,2
69026,3
446967,5
24563,0
69268,0
414197,5
107347,4
90982,1
50865,3
32677,4
111368,2
5614,6
67932,0
573452,5
123725,2
471860,5
173132,5
97250,4
387145,5
55260,3
76,6
126403,4
22303,2
83733,2
7905,0
69785,2
578109,5
2062,6
719986,5
23852,1
570423,5
44158,0
17556,2
10542,6
12180,1
90203,1
107710,0
66489,2
50672,0
21774,2
80870,0
122076,0
90551,1
145074,5
8191,6
121824,2
50864,4
116529,0
166197,5
684803,5
86329,1
14568,0
71577,0
60279,2
125622,3
16862,0
1601,1
495369,5
3608,6
123456,4
437272,5
106590,0
62998,2
90572,5
122675,1
75150,5
321767,5
90082,3
16986,0
27722,2
26595,2
251245,5
1880,4
119379,0
105964,0
114805,4
242920,5
59060,2
54925,5
438069,5
72275,0
125407,0
690434,5
20154,0
77511,4
21838,2
70437,4
54456,0
13208,0
115745,3
1697,2
105625,1
45601,3
61727,2
50620,4
104510,4
692614,5
297799,5
74849,0
50298,4
84603,4
13981,0
47846,0
109255,2
107258,2
31311,5
48554,3
4033,6
606593,5
651544,5
443371,5
125730,0
20405,1
115310,4
133778,4
10825,5
115914,1
57211,2
521447,5
19707,0
102072,4
6258,6
69802,4
97937,0
49671,2
62174,3
399802,5
75169,4
700353,5
675441,5
712223,5
98091,2
60408,0
90776,0
114172,5
67723,2
34416,3
79,4
49709,1
475259,5
112595,4
73425,3
53446,1
540698,5
81664,3
4592,4
4077,6
109261,3
694893,5
9088,6
34582,4
476356,5
46427,0
131595,0
67263,2
10197,3
6357,5
653050,5
124557,5
792552,5
108665,4
101279,2
263665,5
31343,3
119349,0
427820,5
199893,5
95265,0
91176,4
8578,3
110220,2
13592,3
4960,6
119524,0
35100,1
7974,6
700893,5
13826,0
42490,0
84683,3
86436,4
556730,5
830,6
42197,2
8948,1
74022,1
20916,2
8493,2
23940,3
585717,5
6955,3
47611,2
13772,3
331116,5
300715,5
7929,6
248530,5
87744,4
707914,5
60750,2
88763,5
576731,5
122050,0
74088,1
642227,5
35576,3
126081,0
46920,3
32508,2
121584,3
68619,5
1511,2
98827,2
23263,2
656602,5
434435,5
74492,0
64045,0
21507,2
127328,1
108279,1
13747,1
37425,1
17785,3
131458,1
110967,5
111624,3
433516,5
32279,0
436932,5
113897,1
110578,2
606312,5
623431,5
75207,2
7926,1
86504,2
126543,3
104018,0
7449,6
18911,4
100699,3
19209,2
93240,0
43413,0
410683,5
374550,5
492423,5
733467,5
121729,2
101226,3
80495,4
30162,2
379233,5
560128,5
5711,6
40034,0
795907,5
65234,2
7480,0
502447,5
51294,2
48127,0
11845,6
119932,3
120860,0
96240,0
69338,4
531676,5
99783,4
66357,0
33934,3
89954,2
5089,4
71589,3
192187,5
356035,5
425945,5
114990,5
98614,1
41283,3
56590,0
79367,0
148736,5
119994,4
184769,5
170617,5
366074,5
50535,1
115796,2
113268,4
76350,3
7112,6
45782,5
233664,5
105695,0
91859,0
10134,6
70120,2
770867,5
106164,4
131440,0
19301,4
35427,1
25407,2
149775,5
754988,5
32145,4
30318,4
24941,0
115789,4
347713,5
6241,6
48869,2
472529,5
17634,0
452357,5
111679,4
130893,2
108403,3
56507,0
384112,5
564007,5
11894,6
12903,0
22835,3
87115,2
50893,1
103147,4
84064,2
62263,2
21815,0
112563,2
121095,4
96116,5
98362,1
19173,3
133100,2
522328,5
91755,0
585567,5
35414,0
106120,0
269303,5
8738,2
104997,0
77,0
27832,4
82739,2
84070,4
22673,2
533298,5
67660,1
55975,5
119639,0
63300,0
26,3
101119,5
24400,0
485074,5
8346,6
127702,0
111297,4
260113,5
132963,4
72340,2
6683,4
7704,6
475443,5
726954,5
276251,5
92662,4
33690,3
7129,3
88301,1
44266,1
113392,0
69371,4
5959,2
276278,5
56808,1
49983,0
26002,0
77129,0
7724,6
107384,2
125041,2
123084,2
22336,2
4090,0
129924,2
129874,3
29361,2
61748,3
57490,3
184944,5
32568,0
57702,4
36754,3
88482,2
90881,3
109229,3
513331,5
87105,2
47107,2
4765,6
171199,5
127546,3
91210,2
54269,1
85683,2
101696,2
93920,2
41028,0
129659,2
712236,5
558429,5
70413,0
8623,2
221287,5
38908,2
86586,2
393952,5
385396,5
706623,5
38723,1
78074,0
60308,4
89893,1
87434,2
64531,0
289405,5
3435,2
45244,5
113725,2
62674,1
408056,5
8679,2
564130,5
429054,5
381311,5
268899,5
91650,4
116669,1
42616,2
34191,5
649885,5
6434,0
34247,2
43554,4
18436,4
60154,2
77995,1
6323,6
542234,5
695110,5
107263,2
45987,1
15063,4
2006,6
25504,1
45434,4
651947,5
438584,5
504178,5
742657,5
34649,0
88576,5
437013,5
10043,3
99174,2
211965,5
25368,2
100807,3
594368,5
33179,1
91994,3
40046,2
68658,5
46506,2
113382,0
50694,2
64845,3
20377,0
56732,1
899,6
18262,4
437549,5
52442,0
659123,5
474546,5
3371,0
3677,3
587523,5
711631,5
81119,2
11518,6
55278,1
109681,5
73880,2
84678,3
56842,2
434202,5
21630,3
8842,6
4506,2
95406,0
1144,6
720202,5
2772,6
8624,6
298661,5
5595,2
84159,2
94046,4
6728,6
70128,0
514060,5
623756,5
129991,2
87317,0
389969,5
45811,2
45421,2
105693,2
557600,5
120490,4
406844,5
606490,5
71216,4
537021,5
540634,5
745213,5
5180,6
118113,3
49006,2
938,0
6255,2
41342,2
77868,2
120712,0
1615,6
92784,2
124065,0
9739,6
586048,5
35515,0
19624,5
87448,1
86712,1
10674,3
9579,6
668746,5
62978,2
399453,5
133081,3
615037,5
632091,5
12450,4
125383,2
792827,5
13883,4
75709,2
18027,0
137101,5
11865,6
101461,0
265256,5
103464,3
31280,2
115766,4
87652,5
56214,3
117476,3
473148,5
121529,5
200154,5
10531,6
3822,0
91410,0
127990,0
555568,5
115498,5
116219,1
18218,5
53563,1
62330,2
18175,1
426292,5
192733,5
112306,0
34707,2
44633,4
658639,5
620496,5
332383,5
70408,1
9301,6
690554,5
3620,4
34615,4
87476,1
74137,4
58965,1
116361,4
81205,2
133655,0
3877,6
103670,2
9893,5
753901,5
8757,4
133397,0
78611,0
6249,6
318775,5
561019,5
700386,5
63372,1
408706,5
3985,3
246493,5
126827,2
116068,0
91854,5
794554,5
123582,4
116745,4
32113,5
72386,3
84112,1
109734,3
379647,5
658307,5
779398,5
75095,2
23387,2
70691,2
328096,5
2253,6
50186,3
10016,6
676945,5
145673,5
549046,5
63035,1
42924,4
46004,5
28475,2
20783,3
126657,0
111313,0
68740,4
476911,5
83939,2
721025,5
132563,1
224280,5
97917,0
6067,1
359387,5
350390,5
65087,1
97381,0
14743,2
84331,2
148566,5
70782,0
27604,3
778202,5
133332,4
465720,5
405350,5
53787,2
52192,2
67486,0
68222,1
129533,4
38795,1
778617,5
321378,5
48994,0
29343,3
131,6
41419,4
34072,4
70042,4
111166,0
22838,2
658897,5
68765,3
486050,5
112744,3
308647,5
70889,2
36617,2
51150,1
70760,3
103235,0
3206,5
67323,2
